ID,Name,Glottocode,Glottolog_Name,ISO639P3code,Macroarea,Latitude,Longitude,Family,Authors,DataEntry,Consultants,Representations,alt_names,date
avarbatlukhdialect,Avar (Batlukh dialect),batl1238,Batlux,ava,Eurasia,,,Nakh-Daghestanian,,,,,,
avarhiddialect,Avar (Hid dialect),hidd1238,Hid,ava,Eurasia,,,Nakh-Daghestanian,,,,,,
avarandalaldialect,Avar (Andalal dialect),anda1281,Andalal-Gxdatl,ava,Eurasia,,,Nakh-Daghestanian,,,,,,
avarantsukhdialect,Avar (Antsukh dialect),ancu1238,Ancux,ava,Eurasia,,,Nakh-Daghestanian,,,,,,
avarzakatalydialect,Avar (Zakataly dialect),zaka1239,Zakataly,ava,Eurasia,,,Nakh-Daghestanian,,,,,,
avarkarakhdialect,Avar (Karakh dialect),kara1473,Karax,ava,Eurasia,,,Nakh-Daghestanian,,,,,,
andi,Andi,andi1255,Andi,ani,Eurasia,42.8078,46.2919,Nakh-Daghestanian,,,,,,
akhvakhnortherndialect,Akhvakh (Northern dialect),akhv1239,Northern Akhvakh,akv,Eurasia,42.4003,46.3037,Nakh-Daghestanian,,,,,,
akhvakhsoutherndialect,Akhvakh (Southern dialect),akhv1239,Northern Akhvakh,akv,Eurasia,42.4003,46.3037,Nakh-Daghestanian,,,,,,
bagvalal,Bagvalal,bagv1239,Bagvalal,kva,Eurasia,42.3966,46.1041,Nakh-Daghestanian,,,,,,
botlikh,Botlikh,botl1242,Botlikh,bph,Eurasia,42.665,46.22,Nakh-Daghestanian,,,,,,
godoberi,Godoberi,ghod1238,Godoberi,gdo,Eurasia,42.7428,46.2252,Nakh-Daghestanian,,,,,,
karata,Karata,kara1474,Karata-Tukita,kpt,Eurasia,42.6501,46.3151,Nakh-Daghestanian,,,,,,
karatatokitindialect,Karata (Tokitin dialect),toki1238,Tokita,kpt,Eurasia,42.5727,46.3724,Nakh-Daghestanian,,,,,,
khwarshikhwarshidialect,Khwarshi (Khwarshi dialect),xvar1237,Xvarshi,khv,Eurasia,,,Nakh-Daghestanian,,,,,,
hinuq,Hinuq,hinu1240,Hinuq,gin,Eurasia,42.4502,45.8064,Nakh-Daghestanian,,,,,,
tindi,Tindi,tind1238,Tindi,tin,Eurasia,42.3316,45.9227,Nakh-Daghestanian,,,,,,
chamalal,Chamalal,cham1309,Chamalal,cji,Eurasia,42.5024,45.995,Nakh-Daghestanian,,,,,,
hunzib,Hunzib,hunz1247,Hunzib,huz,Eurasia,42.0808,46.1369,Nakh-Daghestanian,,,,,,
khwarshiinkhokvaridialect,Khwarshi (Inkhokvari dialect),inxo1238,Inxokvari,khv,Eurasia,,,Nakh-Daghestanian,,,,,,
tsezsagadadialect,Tsez (Sagada dialect),saga1261,Sagadin,ddo,Eurasia,,,Nakh-Daghestanian,,,,,,
lak,Lak,lakk1252,Lak,lbe,Eurasia,42.1328,47.0809,Nakh-Daghestanian,,,,,,
dargwa,Dargwa,darg1241,North-Central Dargwa,dar,Eurasia,42.4257,47.4388,Nakh-Daghestanian,,,,,,
dargwaitsaridialect,Dargwa (Itsari dialect),icar1234,Icari,dar,Eurasia,,,Nakh-Daghestanian,,,,,,
dargwakubachidialect,Dargwa (Kubachi dialect),kuba1248,Kubachi,dar,Eurasia,42.08504,47.601843,Nakh-Daghestanian,,,,,,
dargwakhajdakdialect,Dargwa (Khajdak dialect),kajt1238,Kajtak,dar,Eurasia,42.052428,47.776611,Nakh-Daghestanian,,,,,,
aghul,Aghul,aghu1253,Aghul,agx,Eurasia,41.9242,47.5843,Nakh-Daghestanian,,,,,,
archivariety1,Archi (variety 1),arch1244,Archi,aqc,Eurasia,42.3239,46.8267,Nakh-Daghestanian,,,,,,
budukh,Budukh,budu1248,Budukh,bdk,Eurasia,41.2272,48.3353,Nakh-Daghestanian,,,,,,
lezgian,Lezgian,lezg1247,Lezgian,lez,Eurasia,41.5157,47.8951,Nakh-Daghestanian,,,,,,
lezgimikrakhdialect,Lezgi (Mikrakh dialect),lezg1247,Lezgian,lez,Eurasia,41.5157,47.8951,Nakh-Daghestanian,,,,,,
rutul,Rutul,rutu1240,Rutul,rut,Eurasia,41.6187,47.3244,Nakh-Daghestanian,,,,,,
tabasarannortherndialectkhanagsubdialect,Tabasaran (Northern dialect Khanag subdialect),taba1259,Tabasaran,tab,Eurasia,42.0198,47.8379,Nakh-Daghestanian,,,,,,
tabasaransoutherndialect,Tabasaran (Southern dialect),sout2752,South Tabasaran,tab,Eurasia,,,Nakh-Daghestanian,,,,,,
khinalug,Khinalug,khin1240,Khinalug,kjj,Eurasia,41.1801,48.0571,Nakh-Daghestanian,,,,,,
tsakhur,Tsakhur,tsak1249,Tsakhur,tkr,Eurasia,41.5916,46.8858,Nakh-Daghestanian,,,,,,
azerbaijani,Azerbaijani,nort2697,North Azerbaijani,azj,Eurasia,40.97768,46.4737,Turkic,,,,,,
kumyk,Kumyk,kumy1244,Kumyk,kum,Eurasia,43.0,47.0,Turkic,,,,,,
nogai,Nogai,noga1249,Nogai,nog,Eurasia,44.89776,43.1656,Turkic,,,,,,
judeotat,Judeo-Tat,jude1256,Judeo-Tat,jdt,Eurasia,42.068306,48.264749,Indo-European,,,,,,
chechen,Chechen,chec1245,Chechen,che,Eurasia,43.5,45.5,Nakh-Daghestanian,,,,,,
udi,Udi,udii1243,Udi,udi,Eurasia,40.9,47.7236,Nakh-Daghestanian,,,,,,
avarkusurdialect,Avar (Kusur dialect),avar1256,Avar,ava,Eurasia,41.7047,46.558,Nakh-Daghestanian,,,,,,
avar,Avar,avar1256,Avar,ava,Eurasia,41.7047,46.558,Nakh-Daghestanian,,,,,,
erzyamordvin,Erzya Mordvin,erzy1239,Erzya,myv,Eurasia,52.8548,45.3901,Uralic,,,,,,
estonian,Estonian,esto1258,Estonian,est,Eurasia,58.55,25.82,Uralic,,,,,,
finnish,Finnish,finn1318,Finnish,fin,Eurasia,64.7628,25.5577,Uralic,,,,,,
hungarian,Hungarian,hung1274,Hungarian,hun,Eurasia,46.9068585714,19.6555271429,Uralic,,,,,,
khanty,Khanty,khan1273,Kazym-Berezover-Suryskarer Khanty,kca,Eurasia,62.4308,66.1218,Uralic,,,,,,
komi,Komi,komi1268,Komi-Zyrian,kpv,Eurasia,64.0527,54.946,Uralic,,,,,,
northernsaami,Northern Saami,nort2671,North Saami,sme,Eurasia,68.725,22.1113,Uralic,,,,,,
mansi,Mansi,mans1258,Northern Mansi,mns,Eurasia,64.4118,61.344,Uralic,,,,,,
mari,Mari,east2328,Eastern Mari,mhr,Eurasia,55.8307,48.405,Uralic,,,,,,
nenets,Nenets,nene1249,Tundra Nenets,yrk,Eurasia,66.1775,71.0234,Uralic,,,,,,
selkup,Selkup,selk1253,Selkup,sel,Eurasia,59.9409,82.3004,Uralic,,,,,,
udmurt,Udmurt,udmu1245,Udmurt,udm,Eurasia,56.12921,52.63548,Uralic,,,,,,
bezhta,Bezhta,bezh1248,Bezhta,kap,Eurasia,42.1206,46.0332,Nakh-Daghestanian,,,,,,
tsezmokokdialect,Tsez (Mokok dialect),dido1241,Tsez,ddo,Eurasia,42.2646,45.8096,Nakh-Daghestanian,,,,,,
dargwamuiridialect,Dargwa (Muiri dialect),darg1241,North-Central Dargwa,dar,Eurasia,42.4257,47.4388,Nakh-Daghestanian,,,,,,
lezgianqubadialect,Lezgian (Quba dialect),quba1246,Quba (Lezgian),lez,Eurasia,,,Nakh-Daghestanian,,,,,,
azerbaijaniterekemedialect,Azerbaijani (Terekeme dialect),nort2697,North Azerbaijani,azj,Eurasia,40.97768,46.4737,Turkic,,,,,,
ancientgreek,Ancient Greek,anci1242,Ionic-Attic Ancient Greek,grc,Eurasia,39.8155,21.9129,Indo-European,,,,,,
moderngreek,Modern Greek,mode1248,Modern Greek,ell,Eurasia,38.36,23.13,Indo-European,,,,,,
panare,Panare,enap1235,Panare,pbh,South America,6.95035,-65.8483,Cariban,,,,,,
macushi,Macushi,macu1259,Macushi,mbc,South America,4.31861,-60.2209,Cariban,,,,,,
dekwana,De'kwana,maqu1238,Ye'kwana,mch,South America,4.70705,-64.3877,Cariban,,,,,,
waiwai,Wai Wai,waiw1244,Waiwai,waw,South America,1.50881,-59.1417,Cariban,,,,,,
spanish,Spanish,stan1288,Spanish,spa,Eurasia,40.4414,-1.11788,Indo-European,,,,,,
catalan,Catalan,stan1289,Catalan,cat,Eurasia,41.453,1.569,Indo-European,,,,,,
breton,Breton,bret1244,Breton,bre,Eurasia,48.2452,-3.78934,Indo-European,,,,,,
danish,Danish,dani1285,Danish,dan,Eurasia,54.8655,9.36284,Indo-European,,,,,,
swedish,Swedish,swed1254,Swedish,swe,Eurasia,59.800634,17.389526,Indo-European,,,,,,
yiddish,Yiddish,east2295,Eastern Yiddish,ydd,Eurasia,51.75,19.42,Indo-European,,,,,,
oldchurchslavonic,Old Church Slavonic,chur1257,Church Slavic,chu,Eurasia,43.7171,22.8442,Indo-European,,,,,,
bulgarian,Bulgarian,bulg1262,Bulgarian,bul,Eurasia,43.3646,25.047,Indo-European,,,,,,
serbocroatian,Serbo-Croatian,sout1528,Serbian-Croatian-Bosnian,hbs,Eurasia,44.15,18.81,Indo-European,,,,,,
czech,Czech,czec1258,Czech,ces,Eurasia,49.873398,15.10437,Indo-European,,,,,,
russian,Russian,russ1263,Russian,rus,Eurasia,59.0,50.0,Indo-European,,,,,,
albaniantoskvariety,Albanian (Tosk variety),tosk1239,Northern Tosk Albanian,als,Eurasia,41.0,20.0,Indo-European,,,,,,
armenianeasternvariety,Armenian (Eastern variety),nucl1235,Eastern Armenian,hye,Eurasia,40.0,45.0,Indo-European,,,,,,
armenianwesternvariety,Armenian (Western variety),homs1234,Western Armenian,hye,Eurasia,40.1897,44.4839,Indo-European,,,,,,
tochariana,Tocharian A,tokh1242,Tokharian A,xto,Eurasia,42.98,89.18,Indo-European,,,,,,
tocharianb,Tocharian B,tokh1243,Tokharian B,txb,Eurasia,41.65,82.9,Indo-European,,,,,,
romani,Romani,vlax1238,Vlax Romani,rmy,Eurasia,46.09,18.16,Indo-European,,,,,,
avestan,Avestan,aves1237,Avestan,ave,Eurasia,34.217,62.112,Indo-European,,,,,,
persian,Persian,west2369,Western Farsi,pes,Eurasia,32.9,53.3,Indo-European,,,,,,
ancientaramaic,Ancient Aramaic,olda1245,Old Aramaic-Sam'alian,oar,Eurasia,32.84,37.0,Afro-Asiatic,,,,,,
elamite,Elamite,elam1244,Elamite,elx,Eurasia,31.1833,48.2333,Elamite,,,,,,
negerhollands,Negerhollands,nege1244,Negerhollands,dcr,North America,18.3416,-64.8922,Indo-European,,,,,,
jamaicancreolelimonesecreoledialect,Jamaican Creole (Limonese Creole dialect),jama1262,Jamaican Creole English,jam,North America,18.13,-77.2612,Indo-European,,,,,,
basque,Basque,basq1248,Basque,eus,Eurasia,43.2787,-1.31622,Basque,,,,,,
hausa,Hausa,haus1257,Hausa,hau,Africa,11.1513,8.7804,Afro-Asiatic,,,,,,
polci,Polci,polc1243,Pesse,plj,Africa,10.1346,9.5961,Afro-Asiatic,,,,,,
nahuatlsierradezacapoaxtlavariety,Nahuatl (Sierra de Zacapoaxtla variety),high1278,Highland Puebla Nahuatl,azz,North America,20.1554,-97.5556,Uto-Aztecan,,,,,,
chatinozacatepecvariety,Chatino (Zacatepec variety),zaca1242,Zacatepec Chatino,ctz,North America,16.08,-97.3069,Otomanguean,,,,,,
karok,Karok,karo1304,Karok,kyh,North America,41.8228,-123.315,Karok,,,,,,
seri,Seri,seri1257,Seri,sei,North America,28.9877,-112.384,Seri,,,,,,
zuni,Zuni,zuni1245,Zuni,zun,North America,35.0056,-108.782,Zuni,,,,,,
northernhaida,Northern Haida,nort2938,Northern Haida,hdn,North America,54.004532,-132.079257,Haida,,,,,,
tlingit,Tlingit,tlin1245,Tlingit,tli,North America,59.4447,-135.29,Athabaskan-Eyak-Tlingit,,,,,,
tsimshian,Tsimshian,nucl1649,Southern-Coastal Tsimshian,tsi,North America,52.59103,-128.544545,Tsimshian,,,,,,
nuuchahnulth,Nuu-chah-nulth,nuuc1236,Nuu-chah-nulth,nuk,North America,49.67,-126.67,Wakashan,,,,,,
bellacoola,Bella Coola,bell1243,Bella Coola,blc,North America,52.3448,-126.689,Salishan,,,,,,
upperchehalis,Upper Chehalis,uppe1439,Upper Chehalis,cjh,North America,46.7981,-123.169,Salishan,,,,,,
hawaiian,Hawaiian,hawa1245,Hawaiian,haw,Papunesia,19.6297,-155.43,Austronesian,,,,,,
maori,Maori,maor1246,Maori,mri,Papunesia,-38.2881,176.541,Austronesian,,,,,,
marquesan,Marquesan,sout2866,South Marquesan,mqm,Papunesia,-9.75663,-138.979,Austronesian,,,,,,
rapanui,Rapa Nui,rapa1244,Rapanui,rap,Papunesia,-27.113,-109.342,Austronesian,,,,,,
rotuman,Rotuman,rotu1241,Rotuman,rtm,Papunesia,-12.5008,177.066,Austronesian,,,,,,
tongan,Tongan,tong1325,Tonga (Tonga Islands),ton,Papunesia,-21.17,-175.25,Austronesian,,,,,,
tuamotuan,Tuamotuan,tuam1242,Tuamotuan,pmt,Papunesia,-16.17259,-146.321755,Austronesian,,,,,,
bari,Barí,bari1297,Barí,mot,South America,9.08497,-72.9353,Chibchan,,,,,,
muisca,Muisca,chib1270,Chibcha,chb,South America,6.24999,-74.1666,Chibchan,,,,,,
paez,Páez,paez1247,Páez,pbb,South America,2.61516,-76.31254,Páez,,,,,,
cayapa,Cayapa,chac1249,Cha'palaa,cbi,South America,0.71489,-79.0508,Barbacoan,,,,,,
colorado,Colorado,colo1256,Tsafiki,cof,South America,-0.21181,-79.2347,Barbacoan,,,,,,
embera,Embera,nort2972,Northern Emberá,emp,South America,7.12761,-77.574,Chocoan,,,,,,
epena,Epena,epen1239,Epena,sja,South America,4.25877,-77.3566,Chocoan,,,,,,
puinave,Puinave,puin1248,Puinave,pui,South America,3.92974,-67.6886,Puinave,,,,,,
yuwana,Yuwana,yuwa1244,Hoti,yau,South America,5.63879,-65.4267,Hoti,,,,,,
yaruro,Yaruro,pume1238,Pumé,yae,South America,7.10677,-67.5996,Pumé,,,,,,
ninamshirishanavariety,Ninam (Shirishana variety),nina1238,Ninam,shb,South America,4.03894,-62.7801,Yanomamic,,,,,,
yanomami,Yanomámi,yano1262,Yanomám,wca,South America,2.48999,-62.8522,Yanomamic,,,,,,
cofan,Cofán,cofa1242,Cofán,con,South America,0.276675,-77.0643,Cofán,,,,,,
waorani,Waorani,waor1240,Waorani,auc,South America,-1.12312,-76.683,Waorani,,,,,,
siona,Siona,sion1247,Siona-Tetete,snn,South America,0.31733,-76.0237,Tucanoan,,,,,,
tuyuca,Tuyuca,tuyu1244,Tuyuca,tue,South America,0.39441,-70.043515,Tucanoan,,,,,,
aguaruna,Aguaruna,agua1253,Aguaruna,agr,South America,-5.30044,-77.9218,Chicham,,,,,,
yagua,Yagua,yagu1244,Yagua,yad,South America,-3.42913,-72.2186,Peba-Yagua,,,,,,
baure,Baure,baur1253,Baure,brg,South America,-13.61,-63.68,Arawakan,,,,,,
goajiro,Goajiro,wayu1243,Wayuu,guc,South America,11.395566,-72.199791,Arawakan,,,,,,
ignaciano,Ignaciano,igna1246,Ignaciano,ign,South America,-15.1188,-65.3993,Arawakan,,,,,,
mashcopiro,Mashco Piro,mash1270,Mashco Piro,cuj,South America,-11.4745,-70.7953,Arawakan,,,,,,
trinitario,Trinitario,trin1274,Trinitario-Javeriano-Loretano,trn,South America,-15.3331,-65.4096,Arawakan,,,,,,
wapishana,Wapishana,wapi1253,Wapishana,wap,South America,2.58744,-59.8021,Arawakan,,,,,,
waura,Waurá,waur1244,Waurá,wau,South America,-13.296,-53.6971,Arawakan,,,,,,
yavitero,Yavitero,yavi1244,Yavitero-Pareni,yvt,South America,2.924844,-67.438886,Arawakan,,,,,,
aymara,Aymara,cent2142,Central Aymara,ayr,South America,-17.0,-68.5,Aymaran,,,,,,
chipaya,Chipaya,chip1262,Chipaya,cap,South America,-18.73951,-67.89633,Uru-Chipaya,,,,,,
moseten,Mosetén,mose1249,Mosetén-Chimané,cas,South America,-14.64448,-67.83756,Mosetén-Chimané,,,,,,
araona,Araona,arao1248,Araona,aro,South America,-12.4242,-67.7293,Pano-Tacanan,,,,,,
cavinena,Cavineña,cavi1250,Cavineña,cav,South America,-13.3544,-66.6277,Pano-Tacanan,,,,,,
eseejja,Ese Ejja,esee1248,Ese Ejja,ese,South America,-11.7268,-67.515,Pano-Tacanan,,,,,,
eseejjahuarayo,Ese Ejja (Huarayo),esee1248,Ese Ejja,ese,South America,-11.7268,-67.515,Pano-Tacanan,,,,,,
tacana,Tacana,taca1256,Tacana,tna,South America,-13.39249,-68.04056,Pano-Tacanan,,,,,,
cashibo,Cashibo,cash1251,Cashibo-Cacataibo,cbr,South America,-8.70232,-75.4206,Pano-Tacanan,,,,,,
catuquina,Catuquina,pano1254,Panoan Katukína,knt,South America,-7.97456,-71.56151,Pano-Tacanan,,,,,,
chacobo,Chácobo,chac1251,Chácobo,cao,South America,-12.133,-66.7164,Pano-Tacanan,,,,,,
pacahuara,Pacahuara,paca1246,Pacahuara,pcp,South America,-11.9968,-65.5568,Pano-Tacanan,,,,,,
shipiboconibo,Shipibo-Conibo,ship1254,Shipibo-Conibo,shp,South America,-7.17105,-74.8219,Pano-Tacanan,,,,,,
yaminahua,Yaminahua,yami1256,Yaminahua,yaa,South America,-9.8846,-71.5964,Pano-Tacanan,,,,,,
cayuvava,Cayuvava,cayu1262,Cayubaba,cyb,South America,-13.2482,-65.4822,Cayubaba,,,,,,
itonama,Itonama,iton1250,Itonama,ito,South America,-12.80431,-64.35748,Itonama,,,,,,
movima,Movima,movi1243,Movima,mzp,South America,-13.8115,-65.6348,Movima,,,,,,
pacaasnovos,Pacaas Novos,wari1268,Wari',pav,South America,-10.69948,-64.56152,Chapacuran,,,,,,
munduruku,Mundurukú,mund1330,Mundurukú,myu,South America,-8.41095,-57.691,Tupian,,,,,,
ache,Aché,ache1246,Aché,guq,South America,-25.5865,-56.4697,Tupian,,,,,,
chiriguano,Chiriguano,east2555,Eastern Bolivian Guaraní,gui,South America,-20.42,-63.37,Tupian,,,,,,
guarani,Guaraní,para1311,Paraguayan Guaraní,gug,South America,-25.60551,-57.08816,Tupian,,,,,,
siriono,Sirionó,siri1273,Sirionó,srq,South America,-15.5298,-63.9688,Tupian,,,,,,
wayampi,Wayampi,waya1270,Wayampi,oym,South America,1.73817,-52.6887,Tupian,,,,,,
canela,Canela,cane1242,Canela-Krahô,ram,South America,-6.10712,-45.1299,Nuclear-Macro-Je,,,,,,
kaingang,Kaingáng,kain1272,Kaingang,kgp,South America,-27.7671,-52.5394,Nuclear-Macro-Je,,,,,,
karaja,Karajá,kara1500,Karajá,kpj,South America,-11.1881,-50.3492,Nuclear-Macro-Je,,,,,,
trumai,Trumai,trum1247,Trumai,tpy,South America,-11.8119,-53.5717,Trumai,,,,,,
ayoreo,Ayoreo,ayor1240,Ayoreo,ayo,South America,-19.220055,-60.217495,Zamucoan,,,,,,
sanapanaangaitedialect,Sanapaná (Angaité dialect),anga1316,Angaité,sap,South America,-22.85,-58.45,Lengua-Mascoy,,,,,,
sanapanaenlhetdialect,Sanapaná (Enlhet dialect),sana1298,Sanapaná,sap,South America,-22.49,-58.38,Lengua-Mascoy,,,,,,
lengua,Lengua,leng1262,Lengua,leg,South America,-22.6559,-58.9053,Lengua-Mascoy,,,,,,
mocovi,Mocoví,moco1246,Mocoví,moc,South America,-28.097,-60.4145,Guaicuruan,,,,,,
pilaga,Pilagá,pila1245,Pilagá,plg,South America,-25.0058,-60.1537,Guaicuruan,,,,,,
chorote,Chorote,iyoj1235,Iyojwa'ja Chorote,crt,South America,-22.1896,-63.2383,Matacoan,,,,,,
maca,Maca,maca1260,Maca,mca,South America,-25.0119,-57.3694,Matacoan,,,,,,
wichi,Wichí,wich1264,Wichí Lhamtés Güisnay,mzh,South America,-23.1633,-62.1757,Matacoan,,,,,,
nivacle,Nivaclé,niva1238,Nivaclé,cag,South America,-22.8557,-61.7606,Matacoan,,,,,,
kunza,Kunza,kunz1244,Kunza,kuz,South America,-23.0,-69.0,Kunza,,,,,,
mapudungun,Mapudungun,mapu1245,Mapudungun,arn,South America,-38.7392,-71.277,Araucanian,,,,,,
tehuelche,Tehuelche,tehu1242,Tehuelche,teh,South America,-47.5796,-68.3235,Chonan,,,,,,
selknam,Selknam,onaa1245,Selk'nam,ona,South America,-54.0,-68.5,Chonan,,,,,,
gununakune,Gününa Küne,puel1244,Puelche,pue,South America,-42.223,-68.666,Puelche,,,,,,
qawasqar,Qawasqar,qawa1238,Qawasqar,alc,South America,-49.303195,-74.707536,Kawesqar,,,,,,
toba,Toba,toba1269,Toba,tob,South America,-23.77,-61.96,Guaicuruan,,,,,,
yagan,Yagán,yama1264,Yámana,yag,South America,-55.2748,-68.2648,Yámana,,,,,,
andimunidialect,Andi (Muni dialect),muni1255,Munib,ani,Eurasia,,,Nakh-Daghestanian,,,,,,
chechenakkindialect,Chechen (Akkin dialect),chec1245,Chechen,che,Eurasia,43.5,45.5,Nakh-Daghestanian,,,,,,
uncunwee,Uncunwee,ghul1238,Uncunwee,ghl,Africa,11.6432,29.8122,Nubian,,,,,,
ossetic,Ossetic,iron1242,Iron Ossetian,oss,Eurasia,42.98,44.61,Indo-European,,,,,,
avararaderikhdialect,Avar (Araderikh dialect),avar1256,Avar,ava,Eurasia,41.7047,46.558,Nakh-Daghestanian,,,,,,
avarkhunzakhdialect,Avar (Khunzakh dialect),kunz1243,Xunzax,ava,Eurasia,,,Nakh-Daghestanian,,,,,,
avareastgergebildialect,Avar (East Gergebil dialect),avar1256,Avar,ava,Eurasia,41.7047,46.558,Nakh-Daghestanian,,,,,,
avaransaltadialect,Avar (Ansalta dialect),avar1256,Avar,ava,Eurasia,41.7047,46.558,Nakh-Daghestanian,,,,,,
avarsalatavdialect,Avar (Salatav dialect),sala1265,Salatav,ava,Eurasia,,,Nakh-Daghestanian,,,,,,
khwarshikwantladadialect,Khwarshi (Kwantlada dialect),khva1239,Khwarshi-Inkhoqwari,khv,Eurasia,42.2743,45.9977,Nakh-Daghestanian,,,,,,
centralthai,Central Thai,thai1261,Thai,tha,Eurasia,14.192,100.671,Tai-Kadai,,,,,,
southerntaisongkhlavariety,Southern Tai (Songkhla variety),sout2746,Southern Thai,sou,Eurasia,6.85668,99.7031,Tai-Kadai,,,,,,
thaikoratvariety,Thai (Korat variety),sout2746,Southern Thai,sou,Eurasia,6.85668,99.7031,Tai-Kadai,,,,,,
khamuangchiangmaivariety,Khamuang (Chiang Mai variety),nort2740,Northern Thai,nod,Eurasia,18.857495,100.20739,Tai-Kadai,,,,,,
dehong,Dehong,tain1252,Tai Nüa,tdd,Eurasia,21.7837,99.722,Tai-Kadai,,,,,,
jinshadai,Jinsha Dai,nort1545,Northern Guiyang Hmong,huj,Eurasia,26.7238,106.682,Hmong-Mien,,,,,,
tailu,Tai Lü,luuu1242,Lü,khb,Eurasia,21.0321,101.282,Tai-Kadai,,,,,,
taikhun,Tai Khün,khun1259,Khün,kkh,Eurasia,19.6062,99.3363,Tai-Kadai,,,,,,
shan,Shan,shan1277,Shan,shn,Eurasia,21.5995,98.0342,Tai-Kadai,,,,,,
shannorthernshandialect,Shan (Northern Shan dialect),shan1277,Shan,shn,Eurasia,21.5995,98.0342,Tai-Kadai,,,,,,
nungfengshan,Nung-Fengshan,guib1244,Guibian Zhuang,zgn,Eurasia,24.3,106.2,Tai-Kadai,,,,,,
nunglazhai,Nung-Lazhai,guib1244,Guibian Zhuang,zgn,Eurasia,24.3,106.2,Tai-Kadai,,,,,,
nungninbei,Nung-Ninbei,nung1283,Nung (Viet Nam),nut,Eurasia,20.8965,104.286,Tai-Kadai,,,,,,
zhuanglongzhou,Zhuang-Longzhou,zuoj1238,Zuojiang Zhuang,zzj,Eurasia,22.4,106.9,Tai-Kadai,,,,,,
sui,Sui,suii1243,Sui,swi,Eurasia,24.0488,106.563,Tai-Kadai,,,,,,
maonan,Maonan,maon1241,Maonan,mmd,Eurasia,25.0169,108.024,Tai-Kadai,,,,,,
mulam,Mulam,mula1253,Mulam,mlm,Eurasia,24.8151,108.928,Tai-Kadai,,,,,,
chadong,Chadong,chad1240,Chadong,cdy,Eurasia,25.23532,109.96041,Tai-Kadai,,,,,,
southernkam,Southern Kam,sout2741,Southern Dong,kmc,Eurasia,25.8874,109.222,Tai-Kadai,,,,,,
lakkia,Lakkia,lakk1238,Lakkia,lbc,Eurasia,24.1169,110.106,Tai-Kadai,,,,,,
hlaibaotingvariety,Hlai (Baoting variety),hlai1239,Hlai,lic,Eurasia,18.8062,109.459,Tai-Kadai,,,,,,
langjabuyang,Langja Buyang,emab1235,E'ma Buyang,yzg,Eurasia,23.604572,106.030277,Tai-Kadai,,,,,,
ecunbuyang,Ecun Buyang,lang1316,Langnian Buyang,yln,Eurasia,23.550258,106.016896,Tai-Kadai,,,,,,
sanchongkelao,Sanchong Kelao,gree1278,Hagei Gelao,giq,Eurasia,22.5632,104.698,Tai-Kadai,,,,,,
qaukelao,Qau Kelao,qaua1234,Central Gelao-Qau,gqu,Eurasia,26.155438,106.16455,Tai-Kadai,,,,,,
aghulkoshandialect,Aghul (Koshan dialect),kosh1245,Qushan Aghul,agx,Eurasia,41.85,47.65,Nakh-Daghestanian,,,,,,
botlikhmiarsodialect,Botlikh (Miarso dialect),botl1242,Botlikh,bph,Eurasia,42.665,46.22,Nakh-Daghestanian,,,,,,
chamalalgigatlidialect,Chamalal (Gigatli dialect),giga1238,Gigatl,cji,Eurasia,,,Nakh-Daghestanian,,,,,,
dargwachiragdialect,Dargwa (Chirag dialect),chir1284,Chirag,dar,Eurasia,41.869481,47.41111,Nakh-Daghestanian,,,,,,
dargwagapshimashuktidialect,Dargwa (Gapshima Shukti dialect),darg1241,North-Central Dargwa,dar,Eurasia,42.4257,47.4388,Nakh-Daghestanian,,,,,,
dargwagapshimadialect,Dargwa (Gapshima dialect),darg1241,North-Central Dargwa,dar,Eurasia,42.4257,47.4388,Nakh-Daghestanian,,,,,,
dargwagubdendialect,Dargwa (Gubden dialect),darg1241,North-Central Dargwa,dar,Eurasia,42.4257,47.4388,Nakh-Daghestanian,,,,,,
dargwakadardialect,Dargwa (Kadar dialect),darg1241,North-Central Dargwa,dar,Eurasia,42.4257,47.4388,Nakh-Daghestanian,,,,,,
dargwamegebdialect,Dargwa (Megeb dialect),darg1241,North-Central Dargwa,dar,Eurasia,42.4257,47.4388,Nakh-Daghestanian,,,,,,
dargwamekegidialect,Dargwa (Mekegi dialect),darg1241,North-Central Dargwa,dar,Eurasia,42.4257,47.4388,Nakh-Daghestanian,,,,,,
dargwamugidialect,Dargwa (Mugi dialect),darg1241,North-Central Dargwa,dar,Eurasia,42.4257,47.4388,Nakh-Daghestanian,,,,,,
dargwasirkhidialect,Dargwa (Sirkhi dialect),darg1241,North-Central Dargwa,dar,Eurasia,42.4257,47.4388,Nakh-Daghestanian,,,,,,
dargwatsudakhardialecttantysubdialect,"Dargwa (Tsudakhar dialect, Tanty subdialect)",cuda1238,Cudaxar,dar,Eurasia,,,Nakh-Daghestanian,,,,,,
dargwatsudakhardialect,Dargwa (Tsudakhar dialect),cuda1238,Cudaxar,dar,Eurasia,,,Nakh-Daghestanian,,,,,,
dargwaurakhidialect,Dargwa (Urakhi dialect),urax1238,Uraxa,dar,Eurasia,,,Nakh-Daghestanian,,,,,,
dargwausishadialect,Dargwa (Usisha dialect),darg1241,North-Central Dargwa,dar,Eurasia,42.4257,47.4388,Nakh-Daghestanian,,,,,,
ingush,Ingush,ingu1240,Ingush,inh,Eurasia,43.11,45.03,Nakh-Daghestanian,,,,,,
bezhtakhasharkhotadialect,Bezhta (Khasharkhota dialect),khoc1238,Khocharkhotin,kap,Eurasia,,,Nakh-Daghestanian,,,,,,
kryz,Kryz,kryt1240,Kryz,kry,Eurasia,41.1811,48.1846,Nakh-Daghestanian,,,,,,
kumykdorgelidialect,Kumyk (Dorgeli dialect),kumy1244,Kumyk,kum,Eurasia,43.0,47.0,Turkic,,,,,,
kumykkajtaktumenlerdialect,Kumyk (Kajtak Tumenler dialect),kumy1244,Kumyk,kum,Eurasia,43.0,47.0,Turkic,,,,,,
kumykkajtakdialect,Kumyk (Kajtak dialect),kumy1244,Kumyk,kum,Eurasia,43.0,47.0,Turkic,,,,,,
kumykkarabudakhkentdialect,Kumyk (Karabudakhkent dialect),kumy1244,Kumyk,kum,Eurasia,43.0,47.0,Turkic,,,,,,
kumykterbragundialect,Kumyk (Ter Bragun dialect),kumy1244,Kumyk,kum,Eurasia,43.0,47.0,Turkic,,,,,,
lakarakuldialect,Lak (Arakul dialect),lakk1252,Lak,lbe,Eurasia,42.1328,47.0809,Nakh-Daghestanian,,,,,,
lakbalkhardialect,Lak (Balkhar dialect),lakk1252,Lak,lbe,Eurasia,42.1328,47.0809,Nakh-Daghestanian,,,,,,
lakshalidialect,Lak (Shali dialect),lakk1252,Lak,lbe,Eurasia,42.1328,47.0809,Nakh-Daghestanian,,,,,,
rutulborchinokhnowdialect,Rutul (Borchino Khnow dialect),rutu1240,Rutul,rut,Eurasia,41.6187,47.3244,Nakh-Daghestanian,,,,,,
rutulikhrekdialect,Rutul (Ikhrek dialect),ixre1238,Ixreko-Muxrek,rut,Eurasia,,,Nakh-Daghestanian,,,,,,
rutulmukhrekdialect,Rutul (Mukhrek) dialect,ixre1238,Ixreko-Muxrek,rut,Eurasia,,,Nakh-Daghestanian,,,,,,
rutulshinazdialect,Rutul (Shinaz dialect),shin1265,Shina (Nakh-Daghestan),rut,Eurasia,,,Nakh-Daghestanian,,,,,,
bezhtatlyadaldialectkarauzeksubdialect,"Bezhta (Tlyadal dialect, Karauzek subdialect)",tlya1238,Tlyadaly,kap,Eurasia,,,Nakh-Daghestanian,,,,,,
tsakhurgelmetsdialect,Tsakhur (Gelmets dialect),tsak1249,Tsakhur,tkr,Eurasia,41.5916,46.8858,Nakh-Daghestanian,,,,,,
tsovatush,Tsova-Tush,bats1242,Bats,bbl,Eurasia,42.1806,45.344,Nakh-Daghestanian,,,,,,
archivariety2,Archi (variety 2),arch1244,Archi,aqc,Eurasia,42.3239,46.8267,Nakh-Daghestanian,,,,,,
kme2kemievariety,Kme-2 (Kemie variety),manm1238,Man Met,mml,Eurasia,22.0743,100.842,Austroasiatic,,,,,,
bulang,Bulang,blan1242,Blang,blr,Eurasia,22.0092,99.7405,Austroasiatic,,,,,,
bulang2,Bulang-2,blan1242,Blang,blr,Eurasia,22.0092,99.7405,Austroasiatic,,,,,,
bulang3,Bulang-3,blan1242,Blang,blr,Eurasia,22.0092,99.7405,Austroasiatic,,,,,,
kemekemievariety,Keme (Kemie variety),manm1238,Man Met,mml,Eurasia,22.0743,100.842,Austroasiatic,,,,,,
xu,Xu,huuu1240,Hu,huo,Eurasia,22.0163,100.881,Austroasiatic,,,,,,
manganbmnn,Mang'an B. (MNN),,,,,,,,,,,,,
wa,Wa,nucl1290,Zhenkang Wa,wbm,Eurasia,23.1024,99.108,Austroasiatic,,,,,,
rumai,Rumai,ruma1248,Rumai Palaung,rbb,Eurasia,23.6404,97.3172,Austroasiatic,,,,,,
prai,Prai,phai1238,Prai,prt,Eurasia,19.0383,101.218,Austroasiatic,,,,,,
pusing,Pusing,bitt1240,Bit,bgk,Eurasia,21.3474,101.916,Austroasiatic,,,,,,
paliu,Paliu,boly1239,Bolyu,ply,Eurasia,24.7013,104.955,Austroasiatic,,,,,,
plwapalaungvariety,PLW (a Palaung variety),pala1336,Palaung,,,,,Austroasiatic,,,,,,
deaapalaungvariety,DEA (a Palaung variety),pala1336,Palaung,,,,,Austroasiatic,,,,,,
mlabri,Mlabri,mlab1235,Mlabri,mra,Eurasia,18.5533,101.163,Austroasiatic,,,,,,
cuoi,Cuoi,cuoi1242,Cuoi,,,,,Austroasiatic,,,,,,
vietnamese,Vietnamese,viet1252,Vietnamese,vie,Eurasia,20.681188,105.774071,Austroasiatic,,,,,,
hanoivn,Hanoi Vn,nort2683,Northern Vietnamese,,Eurasia,,,Austroasiatic,,,,,,
thomunthm,Tho Mun (THM),,,,,,,,,,,,,
liha,LiHa,cuoi1242,Cuoi,,,,,Austroasiatic,,,,,,
phong,Phong,phon1246,Phong-Kniang,pnx,Eurasia,19.9622,104.088,Austroasiatic,,,,,,
tul,TUL,,,,,,,,,,,,,
tum,Tum,cuoi1242,Cuoi,,,,,Austroasiatic,,,,,,
chutrucvariety,Chut (Ruc variety),rucc1239,Ruc,,Eurasia,17.68293,105.7841,Austroasiatic,,,,,,
phuthomphu,Phu Tho M (PHU),,,,,,,,,,,,,
khapoong,Kha Poong,khap1242,Kha Phong,,Eurasia,18.25,105.0,Austroasiatic,,,,,,
malieng,Malieng,mali1278,Malieng,,Eurasia,,,Austroasiatic,,,,,,
ahlaothavung,Ahlao (Thavung),aheu1239,Thavung,thm,Eurasia,17.7655,104.229,Austroasiatic,,,,,,
thavungso,Thavung So,aheu1239,Thavung,thm,Eurasia,17.7655,104.229,Austroasiatic,,,,,,
nyakur,Nyakur,nyah1250,Nyahkur,cbn,Eurasia,15.8909,101.515,Austroasiatic,,,,,,
pear,Pear,pear1247,Pear,pcb,Eurasia,13.593,105.028,Austroasiatic,,,,,,
san,SAN,,,,,,,,,,,,,
kasong,Kasong,suoy1242,Suoy,syo,Eurasia,11.936,104.136,Austroasiatic,,,,,,
samre,Samre,somr1240,Somray of Battambang-Somre of Siem Reap,smu,Eurasia,12.243,103.139,Austroasiatic,,,,,,
chong,Chong,chon1284,Chong of Chanthaburi,cog,Eurasia,12.5218,102.514,Austroasiatic,,,,,,
knbapearicvariety,KNB (a Pearic variety),west2394,Western Pearic,,,,,Austroasiatic,,,,,,
surinkhmer,Surin Khmer,suri1265,Surin,,Eurasia,,,Austroasiatic,,,,,,
chngapearicvariety,CHNG (a Pearic variety),west2394,Western Pearic,,,,,Austroasiatic,,,,,,
iduh,Iduh,oduu1239,O'du,tyh,Eurasia,19.3497,104.106,Austroasiatic,,,,,,
mangch,Mang Ch,mang1378,Mang,zng,Eurasia,21.4305,102.133,Austroasiatic,,,,,,
mangvn,Mang VN,mang1378,Mang,zng,Eurasia,21.4305,102.133,Austroasiatic,,,,,,
